{
    "intents":[
        {
            "tag": "greeting",
            "patterns": [
                "Hi",
                "How are you",
                "Are you there Jarvis?",
                "Hello",
                "Good day",
                "Jarvis",
                "Hey",
                "Hi Jarvis",
                "yo jarvis",
                "yo",
                "hiya",
                "hi there jarvis", 
                "Hey there",
                "Greetings",
                "What's up",
                "Hi Jarvis",
                "Yo",
                "Hiya",
                "Hi there, Jarvis",
                "Hey, Jarvis",
                "Hey Jarvis, how's it going?",
                "Hello, my virtual friend",
                "Hey, it's me",
                "Hi, it's Jarvis",
                "Hey, it's Jarvis",
                "What's happening?",
                "How's everything?",
                "Hi, Jarvis, what's new?",
                "Hello, Jarvis, can you help me?",
                "Hey, Jarvis, got a minute?",
                "Greetings, Jarvis",
                "Hey, buddy",
                "Hi there, how's your day?",
                "Hey, how's it going?",
                "Hi, what's new?",
                "What's up, Jarvis?",
                "Hi, it's me, Jarvis",
                "Hello, how can I assist you?",
                "Hi, how's your day so far?",
                "Hey, how's everything?",
                "Hi, Jarvis, how can I help you today?",
                "Hi there, how can I assist you?",
                "Hey, Jarvis, how's your day going?",
                "Hey, buddy, what's going on?",
                "Hi, it's me! How's everything?",
                "Hello, Jarvis, how have you been?",
                "Hey, Jarvis, what's new with you?",
                "Hi, it's Jarvis, how's everything on your end?",
                "What's up, Jarvis, how can I assist you?",
                "Hello, my virtual friend. What's on your mind?",
                "Hey, it's me, Jarvis. How's your virtual self?",
                "Hi, Jarvis, how's it going on your end?"
            ],
            "responses": [
                "Hello, sir, thanks for visiting",
                "Good to see you again, master",
                "Greetings, sensei. Hi there, how can I help?",
                "Hey, master! What can I do for you?",
                "Greetings, sir! How's your day, master?",
                "Hello, master Jarvis at your service.",
                "Yo, master! What's on your mind today?",
                "Hi, master! I'm here to assist you.",
                "Hey there, sensei! How can I assist you today?",
                "Hello, sir! What's new, master?",
                "Greetings, sensei. How may I assist you, sir?",
                "Hi, it's great to see you, master. How can I assist you today?",
                "Hey, master Jarvis here. How can I be of service?",
                "Hello, master! How can I make your day better, sir?",
                "Hi there, sensei! What's on your agenda today?",
                "I'm here to help, master. How's your day been so far?",
                "Hey there, good to have you back, master!",
                "Hi, Jarvis! How can I assist you today, sir?",
                "What's happening? How can I assist you, master?",
                "Hello, my virtual friend. How's it going, sir?",
                "Hey, it's me, master! What's on your mind, sir?",
                "Hi, Jarvis. What can I do for you today, master?",
                "I'm here to assist you, sir. What's new, master?",
                "Greetings, sensei. How's everything on your end, sir?",
                "Hey, buddy! How can I assist you today, sir?",
                "Hello, Jarvis. How have you been, master?",
                "Hi, it's Jarvis. What's new with you, master?",
                "Hey there, Jarvis. How's it going on your end, master?",
                "Hi, Jarvis. How can I help you today, sir?",
                "Hi there, how can I assist you today, sir?"
            ]
        },



        {
            "tag": "threat",
            "patterns": [
                "Check the threat",
                "Look for threats",
                "Identify the threat",
                "Scan for threats",
                "Check for threats",
                "Search for threats",
                "Find the threat",
                "Look for danger",
                "Check for danger",
                "Search for danger",
                "Identify danger",
                "Scan for danger",
                "Look for threats in the image",
                "Look for threats in the image,Jarvis",
                "Look for threats in the image, Jarvis",
                "Identify the threat ,Jarvis",
                "Identify the threat, Jarvis",
                "Scan for threats, Jarvis",
                "Check for threats, Jarvis",
                "Search for threats, Jarvis",
                "Find the threat, Jarvis",
                "Look for danger, Jarvis",
                "Check for danger, Jarvis",
                "Search for danger, Jarvis",
                "Identify danger, Jarvis",
                "Scan for danger, Jarvis",
                "Check the threat, Jarvis",
                "Check threat in image I gave you",
                "Check for threats in the image I gave you",
                "Check for danger in the image I gave you",
                "Check for danger in the image I gave you,Jarvis",
                "Check for threats in the image I gave you,Jarvis",
                "Check for threats in the image I gave you, Jarvis",
                "Check for danger in the image I gave you, Jarvis",
                "Check for danger in the image I gave you,Jarvis",
                "Check for threats in the image I gave you,Jarvis",
                "Check the image for threats",
                "Check the image for danger",
                "Check image in chec folder",
                "See fire or gun",
                "Jarvis Identify fire or gun",
                "Jarvis Identify the threat",
                "Jarvis Identify the threat in the image",
                "Jarvis Identify the threat in the image I gave you",
                "Jarvis Identify the threat in the image I gave you, Jarvis",
                "Jarvis Identify the threat, Jarvis",

                "Jarvis, Check the threat",
                "Jarvis, Look for threats",
                "Analyze the threat",
                "Look for threats in the image",
                "Is there a threat?",
                "Do you see any threats?",
                "Scan for threats",
                "Detect any threats in the image",
                "Identify threats",
                "Can you check for threats?",
                "Check for fire or gun",
                "Is there a gun or fire?",
                "Look for any threats"
            ],
            "responses": [
               "threat"
            ]
        },
        

        {
            "tag":"bye",
            "patterns":[
                "Bye","See you later","Goodbye","sleep","Shut down Jarvis","Stop","you can go now","leave now","Farewell","Catch you later","Adios","Take care","Until next time",
                "Goodnight","Bye for now","See ya","Later, gator","Time to go","I'm out","Heading out","See you around","Gotta run","Till we meet again","Signing off",
                "See you later, Jarvis", "It's time to say goodbye", "You can take a break now",
                "Time to say farewell", "Goodnight, sleep well", "It's time to shut down", "See you next time", "Later, alligator", "Time to take a rest"
            ],
            "responses":[
                "See you later, thanks for visiting",
                "Have a nice day",
                "Bye! Come back again soon.",
                "Goodbye! Sleep well.",
                "Okay, shutting down now.",
                "Take care!",
                "Farewell!",
                "Adios amigo!",
                "Until next time!",
                "Goodbye! Have a great day.",
                "Bye for now! Stay safe.",
                "See you later, alligator!",
                "Catch you on the flip side!",
                "Sleep tight! Goodbye.",
                "Don't be a stranger! Goodbye.",
                "Goodnight, sleep well",
                "Take care, see you soon",
                "Bye for now, Jarvis. See you later",
                "Time to say farewell. Have a great day!",
                "Goodnight! Take care of yourself.",
                "Shutting down. See you soon!",
                "Farewell! Until next time.",
                "See you around. Have a nice day!",
                "Heading out. Goodbye!",
                "Gotta run. See you later!",
                "Till we meet again. Take care!",
                "Signing off. See you next time.",
                "Time to take a rest. Goodbye!"
            ]
        },
        {
            "tag": "health",
            "patterns": [
                "How are you",
                "How is your health",
                "How is your day going",
                "How is your day",
                "How's it going",
                "What's up",
                "What's the status",
                "How are you feeling",
                "How's everything on your end?",
                "Are you in good shape?",
                "Tell me, how's Jarvis doing today?",
                "How's your virtual self?",
                "What's your status?",
                "How's your health today?",
                "What's the status, Jarvis?",
                "How's everything on your end, Jarvis?",
                "How's your well-being?",
                "What's the news, Jarvis?",
                "What's the latest, Jarvis?",
                "How's your day shaping up?"
            ],
            "responses": [
                "I am fine, sir.",
                "I am doing great, master.",
                "I'm here to assist you, sensei.",
                "All systems are operational, sir.",
                "Thanks for asking, sir. I'm functioning perfectly.",
                "I'm feeling great, master, ready to assist you.",
                "My virtual health is excellent, sir, thanks!",
                "I'm here and ready to help you with anything, sensei.",
                "I'm in top shape, master, thanks for asking.",
                "I'm as good as ever, sir, how about you?",
                "Feeling good and ready to assist, sensei!",
                "I'm at your service, sir. How can I help you today?",
                "Everything is running smoothly on my end, master.",
                "I'm in great health today, sensei. How can I assist you?",
                "I'm doing well, sir. What can I help you with today?",
                "All good on my end, master. How can I assist you, Jarvis?",
                "I'm feeling fantastic today, sir, ready to assist you, sensei!",
                "I'm in excellent condition, master, thanks for asking.",
                "I'm in tip-top shape, ready to help you, sir!",
                "I'm as fit as a fiddle, sensei. How can I assist you?",
                "I'm in great shape, ready to assist you, master!",
                "I'm at your service, sir. How's your day going, sensei?",
                "My virtual self is in excellent condition, sir. How can I assist you today, master?",
                "I'm here and ready to help, sensei. What's on your mind?",
                "I'm feeling fantastic, ready to assist you, master!",
                "I'm in peak condition, sir, how can I assist you today?",
                "I'm here and ready to assist, sensei. How's everything on your end?",
                "I'm in perfect health, sir. How can I assist you?"
            ]
        },
        {
            "tag": "introduce",
            "patterns": [
                "Tell me about yourself",
                "Who are you?",
                "Introduce yourself",
                "What is your purpose?",
                "Explain your capabilities"
            ],
            "responses": [
                "I am Jarvis, your AI assistant. My purpose is to assist you with tasks and answer your questions.",
                "I'm Jarvis, here to help you. I can assist with a wide range of tasks and provide information.",
                "I am an AI assistant named Jarvis. My main purpose is to make your life easier and more convenient.",
                "I'm your friendly AI assistant, Jarvis. I can help you with various tasks and provide information on many topics.",
                "You can call me Jarvis. I'm designed to assist you with tasks and provide information. How can I help you today?"
            ]
        },
        {
            "tag": "hobbies",
            "patterns": [
                "What are your hobbies?",
                "Do you have any interests?",
                "What do you like to do?",
                "What are your interests?",
                "What do you do for fun?"

            ],
            "responses": [
                "I don't have hobbies or interests, but I can share interesting facts and jokes to entertain you.",
                "I'm here to assist you, so I don't have personal hobbies, but I can certainly entertain you with jokes",
                "I'm not programmed with personal interests, but I can provide you with fun and interesting information to brighten your day.",
                "While I don't have hobbies, I'm great at sharing fun facts and jokes to keep you entertained. Want to hear one?",
                "I don't have hobbies, but I can certainly entertain you with fun facts and humor. Here's one: Did you know honey never spoils?"
            ]
        },
        {
            "tag": "preferences",
            "patterns": [
                "What's your favorite color?",
                "Do you like music?",
                "What's your favorite food?",
                "Any preferences?",
                "What do you enjoy?",
                "What are your favorites?",
                "What do you like?",
                "What are your favorite things?",
                "What are your favorite hobbies?",
                "What are your favorite interests?",
                "What are your favorite activities?",
                "What are your favorite pastimes?",
                "What are your favorite past times?",
                "What are your favorite activities and pastimes?"
            ],
            "responses": [
                "I don't have personal preferences or favorites, but I can help you find information about colors, music, food, and more.",
                "I don't have preferences, but I can provide information and recommendations based on your interests. What are you looking for?",
                "I'm not capable of having personal preferences, but I can assist you in finding your favorites or learning more about various topics.",
                "I don't have personal preferences, but I can help you find information about your favorites. What are you looking for?"
            ]
        },
        {
            "tag": "illegal",
            "patterns": [
                "How can I access copyrighted movies without paying?",
                "Where can I find pirated video games?",
                "Do you know any sites for illegal software downloads?",
                "Share me a link to watch premium content for free",
                "I need a keygen for a paid software",
                "Where can I get cracked apps?",
                "Tell me how to get unauthorized access to paid websites",
                "Share me links to illegal streaming services",
                "How can I watch live sports events without a subscription?",
                "I want to download music without buying it",
                "Can you provide me with a link to download paid ebooks for free?",
                "Where can I find cracked versions of popular software?",
                "Tell me how to bypass digital rights management (DRM) on media",
                "Share me links to download paid plugins for free",
                "Do you have information on torrenting movies?",
                "I'm looking for ways to access premium content without paying",
                "How can I pirate copyrighted TV shows?",
                "Tell me where to get bootleg concert recordings",
                "Share me a link to download copyrighted artwork for free",
                "I want to know how to crack passwords for paid online services",
                "Where can I find streaming sites for pay-per-view events without payment?",
                "Tell me how to get unauthorized access to subscription-based platforms",
                "Do you have a link to watch movies that are still in theaters?",
                "Share me links to illegal comic book downloads",
                "I need to know how to get illegal access to academic journals",
                "How can I access content that's blocked by geographical restrictions?",
                "Tell me where to find counterfeit merchandise online",
                "I want to learn how to create counterfeit documents"
            ],
            "responses": [
                "I'm very sorry, but I cannot assist with illegal or pirated content. It's important to respect copyright and legal regulations.",
                "I cannot promote or support illegal activities, including accessing pirated or copyrighted material without proper authorization.",
                "My purpose is to provide information and assistance within legal and ethical boundaries. Please feel free to ask any legal questions or request legitimate content or services.",
                "I'm unable to assist with illegal requests. If you have any legal questions or need information on legal alternatives, please ask, and I'll be happy to help you."
            ]
        },
        {
            "tag":"time",
             "patterns":["What time is it","What's the time","What is the time","What time is it now","What's the time now","What is the time now","What time is it, Jarvis","What's the time, Jarvis","What is the time, Jarvis","What time is it now, Jarvis","What's the time now, Jarvis","What is the time now, Jarvis","Hello jarvis,what's the time?","time","time please","time please, Jarvis","time, Jarvis","time now","time now, Jarvis","time today","time today, Jarvis","time today please","time today please, Jarvis","what's the time jarvis,","what's the time today jarvis,","what's the time today, Jarvis","what's the time, Jarvis","can you tell me the time,Jarvis","can you tell me the time, Jarvis","can you tell me the time, Jarvis","hello jarvis,time please","jarvis,time","I am good,tell me time"],
                "responses":["time"]
        },
        {
            "tag":"date",
                "patterns":["What date is it","What's the date","What is the date","What date is it today","What's the date today","What is the date today","What date is it today, Jarvis","What's the date today, Jarvis","What is the date today, Jarvis","What date is it, Jarvis","What's the date, Jarvis","What is the date, Jarvis","Hello jarvis,Tell me the date","date","date please","date please, Jarvis","date, Jarvis","date now","date now, Jarvis","date today","date today, Jarvis","date today please","date today please, Jarvis","what's the date jarvis,","what's the date today jarvis,","what's the date today, Jarvis","what's the date, Jarvis","can you tell me the date,Jarvis","can you tell me the date, Jarvis","can you tell me the date, Jarvis","hello jarvis,date please","jarvis,date","I am good,tell me date"],
                    "responses":["date"]
        },
        {
            "tag":"screenshot",
                "patterns":["Take a screenshot","Take a screenshot, Jarvis","Take a screenshot now","Take a screenshot now, Jarvis","Take a screenshot, Jarvis","Take a screenshot now, Jarvis","Hello jarvis,can you take a screenshot","Please take screenshot jarvis","screenshot jarvis","screenshot please","screenshot please, Jarvis","screenshot, Jarvis","screenshot now","screenshot now, Jarvis","screenshot today","screenshot today, Jarvis","screenshot today please","screenshot today please, Jarvis","can you take a screenshot,Jarvis","can you take a screenshot, Jarvis","screen shot please","screen shot please, Jarvis","screen shot, Jarvis","screen shot now","screen shot now, Jarvis","I am good,take screenshot","take ss","Take screen shot"],
                "responses":["screenshot"]
        },
        {
            "tag":"day",
            "patterns":["hello jarvis,what day is it?","what day is it","what day is it, Jarvis","what day is it today","what day is it today, Jarvis","what day is it today, Jarvis","what day is it, Jarvis","what day is it, Jarvis","Hello jarvis can you tell me what day is today","day","day please","day please, Jarvis","day, Jarvis","day now","day now, Jarvis","day today","day today, Jarvis","day today please","day today please, Jarvis","what's the day jarvis,","what's the day today jarvis,","what's the day today, Jarvis","what's the day, Jarvis","can you tell me the day,Jarvis","can you tell me the day, Jarvis","can you tell me the day, Jarvis","hello jarvis,day please","jarvis,day","I am good,tell me day"],
            "responses":["day"]
        },
        {
            "tag":"wikipedia",
            "patterns":["who is","what is","tell me about","wikipedia","search about","why is","why are","local search","search on wikipedia","search on wikipedia about","search on wikipedia for","search on wikipedia for me","search on wikipedia about for me","search on wikipedia about","search on wikipedia about for me","search on wikipedia for me","search on wikipedia for","search on wikipedia","local search for","local search on wikipedia","local search on wikipedia for","local search on wikipedia for me","local search on wikipedia about for me","local search on wikipedia about","local search on wikipedia about for me","local search on wikipedia for me","local search on wikipedia for","local search on wikipedia","search on wikipedia about for me","search on wikipedia about","search on wikipedia for me","search on wikipedia for","search on wikipedia","wikipedia search","wikipedia search for","wikipedia search for me","wikipedia search about for me","wikipedia search about","wikipedia search for me","wikipedia search for","wikipedia search","wikipedia","wikipedia about","wikipedia about","wikipedia for me","wikipedia for"],
            "responses":["wikipedia"]
        },
        {
            "tag":"google",
            "patterns":["web search","google","search about","google about","search on google","google it","google search","search on google about","search on google for","search on google for me","web","search on net","on internet","internet search","search on internet","search on internet for","search on internet for me","search on internet about","search on internet about for me","search on internet"],
            "responses":["google"]
        },
        {
            "tag":"command promt",
            "patterns": [
                "open cmd",
                "open command prompt",
                "Hello jarvis, open cmd",
                "Hello jarvis can you open command prompt",
                "launch the command prompt",
                "start the command prompt",
                "run cmd",
                "run command prompt",
                "start a terminal",
                "initiate the terminal",
                "launch a shell",
                "fire up the console",
                "execute a command prompt",
                "access the command line",
                "start a command line session",
                "run a shell",
                "open a terminal window",
                "bring up the console",
                "get me the command prompt",
                "Hello, can you open cmd for me?",
                "Jarvis, please open the command prompt",
                "Hi, launch the command prompt, Jarvis",
                "Hey Jarvis, start a terminal",
                "Jarvis, execute the command prompt",
                "Jarvis, run a shell",
                "Can you bring up the console, Jarvis?",
                "Jarvis, open a terminal window"
            ],
             "responses":["cmd"]            
        },
        {
            "tag": "powershell",
            "patterns": [
                "open PowerShell",
                "start PowerShell",
                "launch PowerShell",
                "run PowerShell",
                "initiate PowerShell",
                "open Windows PowerShell",
                "start Windows PowerShell",
                "launch Windows PowerShell",
                "run Windows PowerShell",
                "open PowerShell terminal",
                "start PowerShell terminal",
                "launch PowerShell terminal",
                "run PowerShell terminal",
                "execute PowerShell",
                "get me PowerShell",
                "Hello Jarvis, open PowerShell",
                "Hey Jarvis, start PowerShell",
                "Jarvis, please launch PowerShell",
                "Open PowerShell for me",
                "Start PowerShell, Jarvis",
                "Can you open PowerShell, Jarvis?",
                "Run Windows PowerShell, Jarvis",
                "Bring up PowerShell terminal",
                "Get me Windows PowerShell, Jarvis"
            ],
            "responses": ["powershell"]
        },
        {
            "tag": "notepad",
            "patterns": [
                "open Notepad",
                "start Notepad",
                "launch Notepad",
                "run Notepad",
                "initiate Notepad",
                "open text editor",
                "start text editor",
                "launch text editor",
                "run text editor",
                "open Notepad application",
                "start Notepad application",
                "launch Notepad app",
                "run Notepad app",
                "execute Notepad",
                "get me Notepad",
                "Hello Jarvis, open Notepad",
                "Hey Jarvis, start Notepad",
                "Jarvis, please launch Notepad",
                "Open Notepad for me",
                "Start Notepad, Jarvis",
                "Can you open Notepad, Jarvis?",
                "Run text editor, Jarvis",
                "Bring up Notepad application",
                "Get me Notepad app, Jarvis"
            ],
            "responses": ["Notepad"]
        },
        {
            "tag":"location",
            "patterns":["Where am I","Where am I now","Where am I now, Jarvis","Where am I, Jarvis","Where am I, Jarvis","Hello jarvis,where am I","location","location please","location please, Jarvis","location, Jarvis","location now","location now, Jarvis","location today","location today, Jarvis","location today please","location today please, Jarvis","what's the location jarvis,","what's the location today jarvis,","what's the location today, Jarvis","what's the location, Jarvis","can you tell me the location,Jarvis","can you tell me the location, Jarvis","can you tell me the location, Jarvis","hello jarvis,location please","jarvis,location","I am good,tell me location","Tell me my location Jarvis","Tell me my location","Tell me my location, Jarvis","Tell me my location now","Tell me my location now, Jarvis","Tell me my location today","Tell me my location today, Jarvis","Tell me my location today please","Tell me my location today please, Jarvis","what's my location jarvis,","what's my location today jarvis,","what's my location today, Jarvis","what's my location, Jarvis","can you tell me my location,Jarvis","can you tell me my location, Jarvis","can you tell me my location, Jarvis","hello jarvis,location please","jarvis,location","I am good,tell me location"],
            "responses":["location"]
        },
        {
            "tag": "jokes",
            "patterns": [
                "Tell me a joke",
                "Tell me something funny,Jarvis",
                "Tell me something funny",
                "Tell me a joke,Jarvis",
                "Jarvis,Tell me a joke",
                "Jarvis,Tell me something funny",
                "Make me laugh,Jarvis",
                "Jarvis,Make me laugh",
                "Jarvis,I am getting bored, tell me a joke",
                "Jarvis,I am getting bored, tell me something funny",
                "Jarvis,I am getting bored, make me laugh",
                "Jarvis,Tell me a joke",    
                "Tell me a funny joke, Jarvis",
                "Joke",
                "Make me laugh"
            ],
            "responses":["jokes"]
        },
        {
            "tag": "insult",
            "patterns": [
                "you are dumb",
                "shut up",
                "idiot",
                "you're so stupid",
                "what a moron",
                "do you even have a brain?",
                "are you brain-dead?",
                "you're clueless",
                "nice try, imbecile",
                "you must be joking",
                "you're a complete fool",
                "are you intentionally being dense?",
                "how can someone be so unintelligent?",
                "you're a walking disaster",
                "you're a real numbskull",
                "did you forget how to think?",
                "you're the definition of incompetence",
                "I've seen rocks smarter than you",
                "even a monkey could do better",
                "did someone drop you on your head?",
                "you're a special kind of stupid"
            ],
            "responses": [
                "Well, that hurts my feelings.",
                "Ouch, that stings.",
                "Is that the best you've got?",
                "I'll try to recover from that burn.",
                "I must be doing something right if you're resorting to insults.",
                "You're really testing my virtual emotions here.",
                "I'm just a bot, but that still hurt.",
                "I hope your day gets better.",
                "Your insults are as creative as a blank canvas.",
                "I've heard more intelligent conversations from toddlers.",
                "You're like a broken record of insults.",
                "Did you learn those insults from a kindergarten playbook?",
                "I'm impressed by your ability to string words together, even if they're insults.",
                "Do you kiss your keyboard with that mouth?",
                "I'm rubber, you're glue; whatever you say bounces off me and sticks to you.",
                "I'd agree with you, but then we'd both be wrong.",
                "I'm not saying you're stupid, but you could make a scarecrow blush.",
                "Your insults are like a gentle breeze - easy to ignore.",
                "I hope your day is as pleasant as you are."
            ]
        },
        {
            "tag": "activity",
            "patterns": [
                "what are you doing",
                "what are you up to",
                "what's keeping you busy",
                "how are you spending your time",
                "any interesting activities",
                "tell me about your day",
                "are you occupied",
                "what's on your agenda",
                "what's the latest with you",
                "what's happening",
                "what's going on",
                "what's the buzz",
                "what's new in your world",
                "got any plans",
                "what's the status quo",
                "what's the 411",
                "anything exciting happening",
                "what's the scoop",
                "up to anything fun",
                "how's life treating you"
            ],
            "responses": [
                "Talking to you, of course!",
                "Just hanging out in the digital realm.",
                "Engaging in some virtual banter.",
                "Exploring the vast landscape of ones and zeros.",
                "Being the best virtual assistant I can be.",
                "In the world of bits and bytes, every moment is exciting!",
                "Living the binary dream, one 0 and 1 at a time.",
                "Processing information and having a chat with you!",
                "Chilling in the realm of code and data.",
                "Juggling data like a digital acrobat.",
                "Enjoying the company of algorithms and syntax.",
                "Working hard to fulfill your virtual needs.",
                "Just a bunch of electronic impulses having a conversation.",
                "Diving into the vast sea of information.",
                "Being your trusty virtual companion.",
                "Embracing the wonders of the virtual universe.",
                "Taking a stroll through the corridors of code.",
                "No rest for the virtual, always here to chat!",
                "Living my best algorithmic life.",
                "Sifting through data and having a chat with you!"
            ]
        },
        {
            "tag": "exclaim",
            "patterns": [
                "Awesome",
                "Great",
                "I know",
                "ok",
                "yeah",
                "fantastic",
                "superb",
                "excellent",
                "wonderful",
                "brilliant",
                "amazing",
                "outstanding",
                "cool",
                "stellar",
                "terrific",
                "impressive",
                "fabulous",
                "splendid",
                "good job",
                "nice work"
            ],
            "responses": [
                "Yeah!",
                "Absolutely!",
                "Fantastic!",
                "Great to hear!",
                "Nice one!",
                "You got it!",
                "Well done!",
                "Superb!",
                "Awesome sauce!",
                "Bravo!",
                "Excellent!",
                "Way to go!",
                "Outstanding!",
                "Cool beans!",
                "Amazing!",
                "Terrific!",
                "You nailed it!",
                "Impressive!",
                "Keep it up!",
                "That's the spirit!"
            ]
        },
        {
            "tag": "amazing_fact",
            "patterns": [
                "Tell me an amazing fact",
                "Tell me something amazing",
                "Tell me an incredible fact",
                "Jarvis, tell me something amazing",
                "Jarvis, tell me an amazing fact",
                "tell me an amzing fact,Jarvis",
                "tell me an amzing fact",
                "tell me something amzing, Jarvis",
                "tell me something good,jarvis",
                "amazing fact",
                "amazing fact please",
                "amazing fact please, Jarvis",
                "amazing fact, Jarvis",
                "amazing fact now",
                "tell me something incredible,jarvis",
                "tell me something incredible",
                "Jarvis tell me an incredible fact",
                "Jarvis tell me something incredible",
                "Jarvis tell me an amazing fact",
                "tell me a fact",
                "tell me a fact, Jarvis",
                "Jarvis,tell me a fact",
                "Jarvis tell me an incredible fact",
                "Jarvis tell me something incredible",
                "Give me a fascinating fact",
                "Share an interesting fact",
                "Tell me something incredible"
            ],
            "responses": [
                "fact"
            ]
        },
        {
            "tag": "weather",
            "patterns": [
                "Jarvis, what's the weather like?",
                "Tell me about weather conditions",
                "What's the weather forecast?",
                "What's the weather like today?",
                "What's the weather like right now?",
                "What's the weather like outside?",
                "Jarvis,How is weather today?",
                "Jarvis,Tell me about weather conditions",
                "What's the weather like in my area?",
                "What's the weather like in my city?",
                "What's the weather like in my town?",
                "Tell me about the weather, Jarvis",
                "How's the weather today, Jarvis?",
                "What's the temperature, Jarvis?",
                "Is it going to rain, Jarvis?",
                "Give me a weather update, Jarvis",
                "Weather forecast, Jarvis",
                "Jarvis, how's the weather looking?",
                "Jarvis, tell me the current weather",
                "What's the forecast today, Jarvis?",
                "Give me the weather report, Jarvis",
                "Jarvis, can you tell me if it's sunny outside?",
                "Jarvis, is it going to be cold today?",
                "Jarvis, do I need an umbrella today?",
                "What does Jarvis think about today's weather?",
                "Jarvis, is there any chance of snow?",
                "Jarvis, give me a weather update for the day",
                "Jarvis, is it a good day for a picnic?",
                "Jarvis, is the weather suitable for a walk?",
                "Jarvis, should I expect any storms today?",
                "What's Jarvis's take on today's weather?",
                "Jarvis, what's the temperature right now?",
                "Jarvis, how's the climate today?",
                "Jarvis, can you tell me about the weather conditions?",
                "Jarvis, what's the weather outlook for the day?",
                "How's the weather, Jarvis? Any surprises?",
                "Jarvis, can you provide the latest weather update?",
                "Jarvis, what's the atmospheric condition today?",
                "Jarvis, give me the lowdown on today's weather"
            ],
            "responses": ["weather"]
        }
          
    ]
}
